id,name,nickname,title,gender,body_type,rarity,element,primordial_force,weapon_type,region,affiliation,profession,species,constellation,special_dish,TAG,description,birthday,cn_CV,img_src
character1,杜林,"['小杜林', '科斯魔']",「不熄灭的火」,男,少年,5星,火,,单手剑,蒙德,魔女会,自魔女M笔下诞生的龙,炼金造物（龙）,赤龙座,,"['减抗', '派遣']",在魔女M笔下诞生的龙，最终来到了人类的世界。而他的「故事」，也仍在继续。,3月14日,陶典,https://patchwiki.biligame.com/images/ys/4/4f/1gapol7m9j3kkdargd7fxk5g0iszobf.png
character2,雅珂达,"['捡破烂的（爱诺）', '提瓦特表情帝', '行走的表情包', '可达鸭']",系风攘影,女,少女,4星,风,,弓,挪德卡莱,秘闻馆,「秘闻馆」正式雇员,人类,莓果座,「课后作业」,"['治疗', '元素转化', '派遣', '地区交互']",十分可靠，无所不能（自称）的「秘闻馆」员工。,1月5日,韩娇娇,https://patchwiki.biligame.com/images/ys/0/0d/7qik7ijgluv24vbsubux1hohq6hxub5.png
character3,奇偶,[],奇域人偶,男/女,少年/少女,5星,与旅行者相同,,单手剑,其他,无,无,人偶,无,,"['特殊元素附魔', '能量恢复']",笔名「欧科塔维亚」的魔女托付给你和派蒙的人偶，善于探索「千星奇域」中封存的奥秘。,与旅行者一致,——每个语言各有三种声线可供选择，目前仅有日语公布，其他语言在破译,
character4,奈芙尔,"['雅珂达的老板', '奈姐（雅珂达）', '夜绿', '蛇女']",湮沙的秘闻,女,成女,5星,草,,法器,挪德卡莱,秘闻馆,「秘闻馆」的老板,人类,游棋座,「秘闻交易」,"['特化反应', '派遣', '自身元素精通提高', '技能延长', '减抗', '地区交互']",神通广大的「秘闻馆」之主。,5月9日,曾彤,https://patchwiki.biligame.com/images/ys/9/98/7baqf3bv6ihuzszzwf7vxums612zrwj.png
character5,菲林斯,"['雪国的妖精', '雷艾梅莉埃', '神秘守墓男子', '名字很长先生', '凤梨酥']",诡灯陌影,男,成男,5星,雷,,长柄武器,挪德卡莱,执灯人,挪德卡莱执灯士,妖精,夜行灯座,长夜燃火,"['特殊元素附魔', '特产探索', '自身抗打断', '能量恢复', '自身元素精通提高', '特化反应', '冷却减少', '减抗', '擢升', '元素反应基础伤害提升', '地区交互']",挪德卡莱的「执灯人」，看守着北方小岛上的灯塔与墓地。一位言行举止极富修养的神秘绅士。,10月31日,马正阳,https://patchwiki.biligame.com/images/ys/1/10/faae4rzd4bupiiqtom3vceyz55t9f6g.png
character6,菈乌玛,"['咏月使大人', '鹿女', '大德鲁伊', '长角的女人', '鹿姐（这两个均来自雅珂达）', '辣舞妈', '老玛']",永月的祀歌,女,成女,5星,草,,法器,挪德卡莱,霜月之子,苍林的圣女,兽人（鹿）,银鹿座,林间低语,"['快速移动', '生物亲和', '特化反应', '特产探索', '减抗', '地区交互']",被月光与森林祝福的圣女，一个诞生在「霜月之子」中的希望。,3月1日,张安琪,https://patchwiki.biligame.com/images/ys/4/4a/8702smxovolmyla40vly22yiz3q28is.png
character7,爱诺,"['小蛋卷', '水刻晴', '艾尔海淼', '我知道(外网梗【I know】)']",妙械咣咣铛,女,幼女,4星,水,,双手剑,挪德卡莱,叮铃哐啷蛋卷工坊,叮铃哐啷蛋卷工坊的家长,人类,砰砰盒座,嘎吱嘎吱甜甜杯,"['特产探索', '位移', '自身元素精通提高', '协同攻击', '能量恢复', '地区交互']",挪德卡莱的天才机械发明家，喜欢有趣的机械和甜食。,9月21日,葛子瑞,https://patchwiki.biligame.com/images/ys/c/cf/alzeyg74mh023bblnvtot9f5tqmh8xi.png
character8,伊涅芙,"['「悖谬」', '（没有丝毫幽默感的大）笨蛋（铁皮）机器人（雅珂达语）', 'CL-11「明晨之镜」伊·莱拉普赫·楚伊博卢', '铁傀儡', '人机', '机娘', '修玛吉亚', '机械女仆', '埃癸斯', '闪电芦苇（月感电特效）']",轰隆雷鸣波,女,少女,5星,雷,,长柄武器,挪德卡莱,叮铃哐啷蛋卷工坊,全能型家用机器人,机器人,香荚兰座,「轰雷电光斩！」,"['护盾', '特化反应', '精通加成', '自身倍率附加', '能量回复', '烹饪', '地区交互']",集成了各国机关部件的全能型机器人，胸口处的秘源核心已历经弥久岁月。,4月2日,美加,https://patchwiki.biligame.com/images/ys/0/06/fc5z8bw9xjptxvr1xqhi3fg87d3t4aa.png
character9,丝柯克,"['达达利亚的师傅', '「极恶骑」的弟子', 'skk', '雪山冻堇瓜', '师匠', '镜流的平行时空同位体', '冰刻晴']",虚渊暗星,女,少女,5星,冰,,单手剑,其他,寰宇劫灭,罪人之徒，愚者之师,人类,磷星座,「暗渊之获」,"['无能量元素爆发', '特殊元素附魔', '自身抗打断', '战斗增益', '快速移动', '自身倍率附加', '自身伤害减免', '配队增益', '反应受益，天赋提升']",曾现身于深渊裂隙和原始胎海的来访者，教导达达利亚武技的老师。孤身一人的女武者。,11月5日,谢莹,https://patchwiki.biligame.com/images/ys/f/f0/gbjq3bhxswsoicaonopqlbgy5lomh10.png
character10,塔利雅,['影月月'],颂礼祝祭,男,少年,4星,水,,单手剑,蒙德,西风教堂,巴巴托斯的传道者,人类,礼赞歌座,「欢夜畅谈」,"['护盾', '攻速提升', '移速提升', '护盾强效', '能量恢复', '复活', '反应受益']",西风教会的助祭，风神在教会的代行人。,5月25日,风袖,https://patchwiki.biligame.com/images/ys/a/ab/3t5lzht3kxazvru169c5xs2x1on0sp8.png
character11,爱可菲,"['甜点大校', '恶魔主厨', 'akf', '薙切绘里奈', '亚丝娜', '高坂桐乃', '爱咖啡', '可爱菲', '冰咖啡(外网梗【ice coffee】)']",明绚千韵,女,少女,5星,冰,荒性,长柄武器,枫丹,枫丹,「技术料理」的领头雁,人类,香糕塔座,德波大蛋糕·绚丽型,"['减抗', '治疗', '烹饪', '暴击伤害提升', '伤害提升', '技能延长', '配队增益']",闻名枫丹的前德波大饭店主厨，有着「甜点大校」荣誉的「技术料理」先驱，对烹饪的要求无比严格。,6月8日,蔡海婷,https://patchwiki.biligame.com/images/ys/3/30/3s25j8fjs5gz5pds0p0rniao44jwdwo.png
character12,伊法,['哥们'],蔚风引灵,男,成男,4星,风,,法器,纳塔,「花羽会」特拉洛坎,特拉洛坎的兽医,人类,佩链座,「情感支持」,"['治疗', '元素转化', '自身抗打断', '聚怪', '能量恢复']",来自花羽会的兽医，由衷热爱着与人、动物，以及其他生灵为伴的生活。,3月23日,吕书君,https://patchwiki.biligame.com/images/ys/1/1b/b6b2hzpvtkbomckg77ocy51lllenz6v.png
character13,瓦雷莎,"['牛牛', '大胃王', '牛战士', '干饭牛，干饭魂!', '牛头人']",悠暇豪劲,女,少女,5星,雷,,法器,纳塔,「沃陆之邦」特特奥坎,「沃陆之邦」中坚战士兼果园主,兽人（牛）,斗士假面座,菇菇山脉（单人份）,"['下落攻击', '快速移动', '自身抗打断', '自身伤害提升', '能量恢复', '自身倍率附加', '自身暴击率提升', '自身暴击伤害提升', '命座普攻提升']",悠悠哉哉，无比松弛的「沃陆之邦」战士兼果园主，喜欢充满力量的英雄，还有巨量美食！,11月15日,乔苏,https://patchwiki.biligame.com/images/ys/2/22/ckqnu7zeftedchrkoanywed6p1317qg.png
character14,伊安珊,"['「乌威佐」的伊安珊', '123', '6星雷神']",熔石百炼,女,幼女,4星,雷,,长柄武器,纳塔,「沃陆之邦」特特奥坎,来自特特奥坎的金牌导师,人类,牨龙座,金牌健康餐,"['加攻', '快速移动', '治疗', '能量恢复', '伤害提升']",沃陆之邦健身俱乐部的总教练，闻名纳塔的营养师。,8月8日,真理,https://patchwiki.biligame.com/images/ys/8/8e/0wagri8hi3y52mf4rlk8l6vwfamr3z7.png
character15,梦见月瑞希,"['瑞幸', '木更', '梗小姐']",绮梦缱绻,女,少女,5星,风,,法器,稻妻,稻妻,秋沙钱汤的心理诊疗师兼大股东,妖怪（食梦貘）,貘枕座,「一梦治愈」,"['快速移动', '聚怪', '治疗', '食物效果提升', '自身元素精通提高', '伤害提升', '能量恢复', '特化反应', '配队增益']",「秋沙钱汤」的股东，梦貘一族的心理诊疗师，致力于驱散噩梦，为人们带来安宁的心境。,3月16日,浮梦若薇,https://patchwiki.biligame.com/images/ys/2/2a/tsbyq40l17iqgzzvcvwb5h8cbavmm8p.png
character16,蓝砚,"['风刻晴', '青雀', '风鹰侠', '艾尔海飍']",翦玉编春,女,少女,4星,风,,法器,璃月,沉玉谷,沉玉谷手工艺工会编藤大师,人类,玄燕座,玉剪着花,"['位移', '护盾', '元素转化', '生物亲和', '自身伤害提升']",沉玉谷来的藤编师，神清骨秀，像山间清泉一般灵动。,1月6日,刘十四,https://patchwiki.biligame.com/images/ys/3/3b/pcyw6voblmjzardu3k2iypp6fvmseb7.png
character17,玛薇卡,"['「基扬戈兹」的玛薇卡', '火神', '战争之神', '大玛']",焚夜以炎,女,成女,5星,火,,双手剑,纳塔,「悬木人」维茨特兰,纳塔的骄阳,人类,不败阳焰座,「簇火赞歌」,"['快速移动', '特殊元素附魔', '自身抗打断', '伤害提升', '自身伤害提升', '减防', '无能量元素爆发']",纳塔的领袖，继承「基扬戈兹」之古名，誓以圣火为战争国度照亮未来。,8月28日,李晔,https://patchwiki.biligame.com/images/ys/4/41/pwvljpmr0uduc3uo2wqzk3fdq2t21d2.png
character18,茜特菈莉,"['「乌昆博库」的茜特菈莉', '（黑曜石）奶奶', '大祭司', '老萨满', '边界大师', '茜菈奶', '火山童姥', '老酸奶', '宅女', '真满（真正的萨满）']",白星黑曜,女,少女,5星,冰,,法器,纳塔,「烟谜主」米克特兰,米克特兰的观星者,人类,石心镜座,「独门秘法」,"['护盾', '减抗', '自身伤害提升', '伤害提升', '精通加成', '自身元素精通提高', '反应受益']",烟谜主的大萨满，令所有族人敬畏的黑曜石奶奶。,1月20日,柳知萧,https://patchwiki.biligame.com/images/ys/c/c3/nnrhtwdu4dnujuaol7ptdlz97vdjele.png
character19,旅行者/火,[],,男/女,,5星,火,,单手剑,,,,,,,"['夜魂', '特殊附魔', '能量恢复', '伤害提升', '自身伤害提升', '自身暴击伤害提升', '协同攻击']",,,,
character20,恰斯卡,['「武卡」的恰斯卡'],巡宇翦定,女,成女,5星,风,,弓,纳塔,「花羽会」特拉洛坎,特拉洛坎的调停人,人类,神鹫座,歇止一刻,"['抗打断', '快速移动', '自身暴击伤害提升', '能量恢复', '元素转化', '配队增益']",特拉洛坎的「调停人」，万千争端的终结者。,12月10日,张若瑜,https://patchwiki.biligame.com/images/ys/f/fd/sib2fn30bj37sdxrvoajhdlz4vgq930.png
character21,欧洛伦,"['「庇笛」的欧洛伦', '大孙子', '哥们2号', '菜满（种菜的萨满）']",深黯的谜烟,男,成男,4星,雷,,弓,纳塔,「烟谜主」米克特兰,米克特兰的烟蝠,兽人（蝙蝠人）,夜蝠座,蜜汁腌鱼,"['能量回复', '嘲讽', '加攻', '自身伤害提升', '能量恢复', '位移']",来自烟谜主的年轻人，却与万千生灵一起，生活在原野之中。,10月14日,梁达伟,https://patchwiki.biligame.com/images/ys/a/a1/1qb1wevxtdykcov8kje4riaqzlcrvrj.png
character22,希诺宁,"['「巴莱卡」的希诺宁', '打火的', '岩大猫', '卢西奥（守望先锋）', '希卡利', '金碟豹']",焮火铸魂,女,成女,5星,岩,,单手剑,纳塔,「回声之子」纳茨卡延,纳茨卡延的铁匠,兽人（豹猫人）,豹猫座,果味奶糖,"['特殊元素附魔', '减抗', '治疗', '抗打断', '加攻', '暴击伤害提升', '能量回复', '冷却缩减', '生命值提升', '下落免疫', '快速移动', '自身倍率附加', '伤害提升', '配队增益']",纳茨卡延的铸名师，善于在工作的重担与舒适的生活之间找到平衡点。,3月13日,弭洋,https://patchwiki.biligame.com/images/ys/a/a3/hwc7l4hbgw3lz7x2nd7yiz6jrwpkqs8.png
character23,基尼奇,"['「马力卜」的基尼奇', '绿斑点蜥蜴']",回火之狩,男,少年,5星,草,,双手剑,纳塔,「悬木人」维茨特兰,维茨特兰的猎龙人,人类,幻瑞兽座,猎龙者的犒赏,"['技能延长', '冷却减少', '自身伤害提升', '快速移动', '移速提升（天赋）', '特产探索', '自身暴击伤害提升', '减抗', '能量恢复', '反应受益']",维茨特兰的猎龙人，精于度量代价。,11月11日,斑马&弭洋,https://patchwiki.biligame.com/images/ys/5/5a/ca43v1uelterlvg9oaxexnf9su6vm13.png
character24,玛拉妮,"['「沃摩延」的玛拉妮', '金牌向导', '纳塔鲨', '麻辣妮', '小玛', '鲨鱼妹', '纳塔小太阳']",哗啦啦逐浪客,女,少女,5星,水,,法器,纳塔,「流泉之众」梅兹特利,梅兹特利的领路人,人类,浪海豹座,好运传递,"['自身抗打断', '自身伤害提升', '快速移动', '特产探索', '能量恢复']",纳塔远近闻名的向导，水上用品商店的经营者，精通各类水上运动的逐浪客。,8月3日,王晓彤,https://patchwiki.biligame.com/images/ys/9/97/h81o20kv0qqche2e8yil9upbc6wfyjj.png
character25,卡齐娜,"['「乌沙博蒂」的卡齐娜', '打桩姬', '徒弟']",斑金矿朴,女,幼女,4星,岩,,长柄武器,纳塔,「回声之子」纳茨卡延,纳茨卡延的年轻勇士,兽人,鼠兔座,齐齐整整,"['岩造物', '自身伤害提升', '快速移动', '特产探索', '能量恢复', '加防']",纳茨卡延的年轻战士，受赐古名「乌沙博蒂」。善良执着的少女，在挫折中不断成长。,4月22日,静宸,https://patchwiki.biligame.com/images/ys/3/34/0f4tklgi7sp39eynan86ibhbj1au892.png
character26,艾梅莉埃,"['调香师', '爱美丽']",千缕之踪,女,少女,5星,草,芒性,长柄武器,枫丹,枫丹廷,知名香水设计师,人类,香氛瓶座,香馥繁味,"['伤害提升', '抗性提升', '减抗', '技能延长', '特殊元素附魔', '自身倍率附加', '战斗增益', '反应受益']",枫丹香水设计师，将秘密藏于瓶中之人。,9月22日,木子橙,https://patchwiki.biligame.com/images/ys/6/6a/a44bcsoongr43dwtsdw8fd9p3fagva5.png
character27,希格雯,"['洗个碗', '花火（声优梗）']",龙女妙变,女,幼女,5星,水,荒性,弓,枫丹,梅洛彼得堡,美露莘护士长,美露莘,海精座,膳食均衡餐,"['治疗', '能量恢复', '生命之契', '源水之滴', '水下探索便利', '减抗', '技能延长', '自身暴击率提升', '自身暴击伤害提升', '倍率附加', '自保护盾']",梅洛彼得堡的美露莘护士长，平等地关爱着海底监牢中的每一名罪人。,3月30日,赵爽,https://patchwiki.biligame.com/images/ys/a/a6/lx72oj4dik2njowvf12ypsm4n83gfs1.png
character28,克洛琳德,"['枫丹雷神', '美玉', '苹果姐']",秉烛狝影,女,成女,5星,雷,荒性,单手剑,枫丹,审判庭,决斗代理人,人类,迅捷剑座,「猎获」,"['特产探索', '自身治疗', '自身暴击率提升', '生命之契', '自身伤害提升', '自身暴击伤害提升', '自身抗打断', '特殊元素附魔', '自身倍率附加', '自身伤害减免']",不败的决斗代理人。以手中的剑维护着枫丹廷的「公义」。,9月20日,赵涵雨,https://patchwiki.biligame.com/images/ys/b/b7/ttjbd1yjyxb8x4vkyufw3mlnozzrf8r.png
character29,赛索斯,"['sss', '沙漠绿眼睛（流浪者称呼）']",衡明知度,男,少年,4星,雷,,弓,须弥,缄默之殿,沙原的使者,人类,圣名环座,烤肉香香香卷,"['特产探索', '能量恢复', '特殊元素附魔', '自身暴击率提升', '精通加成', '自身倍率附加', '命座普攻提升']",缄默之殿的继承者。背负着秘密，自沙中而来。,5月31日,李兰陵,https://patchwiki.biligame.com/images/ys/8/82/le4qmtgk1gjxkaet2hiso7ybiyqqd8m.png
character30,阿蕾奇诺,"['仆人', '父亲', '佩佩', '香菇人', '暗黑优菈', '界优菈', '提瓦特灭霸']",孤暝厄月,女,成女,5星,火,,长柄武器,至冬,愚人众,愚人众十一执行官 第四席,人类,净炼火座,炉火的往迹,"['冷却减少', '自身治疗', '自身抗性提高', '自身伤害提升', '快速移动', '自身暴击率提升', '自身暴击伤害提升', '生命之契', '特殊元素附魔', '战斗增益', '命座普攻提升']",愚人众执行官第四席，「仆人」。沉静冷酷的外交官，「壁炉之家」所有孩子们畏惧又依赖的「父亲」。,8月22日,黄莺,https://patchwiki.biligame.com/images/ys/b/b0/86qckc3u5yltn23qa4q4l31j6gyhkbf.png
character31,千织,"['岩刻晴', '艾尔海磊']",鸣雷的裁锦师,女,少女,5星,岩,,单手剑,稻妻,枫丹廷,「千织屋」老板,人类,丝切铗座,「时装秀」,"['协同攻击', '自身附魔', '自身伤害提升', '移速提升（天赋）', '自身倍率附加', '移速提升', '冷却减少', '位移']",「千织屋」的老板。枫丹著名服装设计师。,8月17日,陈阳,https://patchwiki.biligame.com/images/ys/a/ab/gojwzpjusk9l9e1wyu2kyb6upee7l5m.png
character32,闲云,"['留云借风真君', '留云', '两块禽肉真君', '那个女人', '哪个女人？', '很会聊天真君', '我爱发明真君', '人形态仙鸟', '路过的普通人', '大一点的鸟', '闲鱼', '咸鱼']",鸾音鹤信,女,成女,5星,风,,法器,璃月,奥藏山,璃月港新住户,元素生命（仙人）,闲鹤座,四喜圆满,"['治疗', '下落攻击', '下落免疫', '滑翔移速提升', '暴击率提升', '自身暴击伤害提升', '倍率附加', '跳跃提升', '冷却减少']",绝云仙众「三眼五显仙人」之一，雅号「留云借风真君」。擅使机关奇术，心向红尘烟火，正以「闲云」之名行走人间。,4月11日,秦紫翼,https://patchwiki.biligame.com/images/ys/4/47/lk2tocfr8n73ygnwlbdkt6s6vlqrvou.png
character33,嘉明,"['Gaming（打游戏）', '火刻晴（声优梗）']",骏猊頕首,男,少年,4星,火,,双手剑,璃月,剑匣镖局,剑匣镖局镖师,人类,醒狮座,得闲饮茶,"['下落攻击', '特殊元素附魔', '生命损耗', '自身抗打断', '自身伤害提升', '自身受治疗加成', '移速提升', '移速提升（天赋）', '自我治疗', '自身元素附着']",剑匣镖局的镖师，威水舞兽队的话事人。,12月22日,谢莹,https://patchwiki.biligame.com/images/ys/b/ba/37apt69ofjpwpmdqyy36wwom8dt3zfo.png
character34,夏沃蕾,"['（6星）蕾神', '夏侯惇', '西琳', '帕姆']",明律决罚,女,少女,4星,火,荒性,长柄武器,枫丹,特巡队,特巡队队长,人类,剑铳座,罪恶·非必要处理型,"['加攻', '减抗', '治疗', '伤害提升', '冲刺消耗减少', '能量回复', '冷却减少', '配队增益', '反应受益']",时刻恪守着心中「正义」的特巡队队长，手中的铳枪只会指向负罪之人。,1月10日,潘丹妮,https://patchwiki.biligame.com/images/ys/3/30/rkhl28ab6k5guen5z49cbey5f7jur0v.png
character35,娜维娅,"['枫丹大小姐', '大姐头', '黄豆姐', '哪位呀', '彩依', '斧头帮帮主']",明花蔓舵,女,成女,5星,岩,荒性,双手剑,枫丹,刺玫会,刺玫会会长、领导、老板、总指挥,人类,野蔷薇座,「选你喜欢的！」,"['自身伤害提升', '特殊元素附魔', '冷却减少', '能量恢复', '派遣', '减抗', '自身暴击率提升', '自身暴击伤害提升']",刺玫会现任会长，一位可爱、尽责的好老板。,8月16日,小敢,https://patchwiki.biligame.com/images/ys/2/23/ivvas1ubnlt8zgcios29xbxolgc9au6.png
character36,芙宁娜,"['水神的扮演者', '正义之神的扮演者', '芙芙', '大明星', '法拉利', '枫丹无冕的神', '黑芙（荒形态）', '白芙（芒形态）']",不休独舞,女,少女,5星,水,荒性、芒性,单手剑,枫丹,枫丹廷,众水、众方、众民与众律法的女王,人类,司颂座,「普茹斯蒂司」,"['伤害提升', '治疗', '生命损耗', '自身伤害提升', '能量恢复', '水下探索便利', '特殊元素附魔', '受治疗加成提升', '自身倍率附加']",审判舞台上的绝对焦点，直至谢幕的掌声响起。,10月13日,钱琛,https://patchwiki.biligame.com/images/ys/6/68/gf8q0j490ygvze7w9npx35e49hw6iu0.png
character37,夏洛蒂,"['小记者', '狗仔队', '三月七', '射影姬(机)', '下落地', 'V2V（声优梗）', '佳能400蒂']",朗镜索真,女,少女,4星,冰,芒性,法器,枫丹,蒸汽鸟报社,蒸汽鸟报记者,人类,真视镜座,独家秘闻·美食专栏,"['治疗', '冷却减少', '自身伤害提升', '能量恢复', '协同攻击', '独家摄影']",充满活力的蒸汽鸟报记者，每时每刻都在为「真相」而奔走。,4月10日,阮从青,https://patchwiki.biligame.com/images/ys/b/b8/l6ikncd3l3upyuu83zvfl954jl4bnc6.png
character38,莱欧斯利,"['公爵', '典狱长', '灰太狼', '拳师', '桑博', '若陀龙王', '空条承太郎', '叽米', '牢大']",寂罪的密使,男,成男,5星,冰,荒性,法器,枫丹,梅洛彼得堡,梅洛彼得堡之主,人类,守狱犬座,秘烤肋排,"['自身抗打断', '自身伤害提升', '生命损耗', '自身治疗', '自身体力消耗降低', '炼金返还', '攻速提升', '自身暴击率提升', '自身暴击伤害提升', '命座普攻提升']",梅洛彼得堡的公爵，隐于漆黑海底的领主。,11月23日,刘北辰,https://patchwiki.biligame.com/images/ys/d/de/024en1mdkzgxcmndv1s2pw64z7su5nq.png
character39,那维莱特,['（水）龙王，那维莱獭，哭哭龙，局外龙，水龙头，全提瓦特天然水品鉴家，那位来客，很棒的龙'],谕告的潮音,男,成男,5星,水,芒性,法器,枫丹,枫丹廷,枫丹最高审判官,元素生物（水龙王）,原海巨灵座,「缥雨一滴」,"['生命损耗', '自身伤害提升', '自身治疗', '自身抗打断', '自身倍率加成', '水下探索便利', '自身暴击伤害提升', '源水之滴', '命座普攻提升', '反应受益']",枫丹的最高审判官，因其无懈可击的「秉公无私」而闻名。,12月18日,桑毓泽,https://patchwiki.biligame.com/images/ys/1/12/586c68eu5xrmi7xu3ah7z8nrmlcae62.png
character40,菲米尼,['企鹅'],潜怀遐梦,男,少年,4星,冰,芒性,双手剑,枫丹,布法蒂公馆,枫丹廷资深潜水员,人类,机巧座,「海鸟的驻足」,"['自身抗打断', '冷却减少', '自身伤害提升', '能量恢复', '水下探索便利', '自身暴击率提升', '自身暴击伤害提升', '命座普攻提升']",精于潜水的寡言少年，在如寒冰般拒人千里的外表下，藏有一颗无瑕的纯真之心。,9月24日,锦鲤,https://patchwiki.biligame.com/images/ys/5/50/ii0njgeknl2alomr4x8qfm58mldfitf.png
character41,林尼,['大魔术师'],惑光幻戏,男,少年,5星,火,芒性,弓,枫丹,布法蒂公馆,枫丹廷著名魔术师,人类,黑斑猫座,方块戏法,"['嘲讽', '生命损耗', '快速移动', '自身伤害提升', '自身治疗', '特产探索', '能量恢复', '自身暴击伤害提升', '减抗', '命座普攻提升']",伶牙俐齿，演技精湛的著名枫丹魔术师，以精妙的手法和言语牵动着观众的心。,2月2日,锦鲤,https://patchwiki.biligame.com/images/ys/c/c4/8a5ucerkclsfg6gkax387kbreo5kz7r.png
character42,旅行者/水,[],,男/女,,5星,水,,单手剑,,,,,,,"['生命损耗', '自身治疗', '自身伤害提升', '能量恢复', '护盾', '治疗', '源水之滴']",,,,
character43,琳妮特,"['枫丹猫猫', '机械杀手', '噔噔（中配）', '锵锵（日配）']",丽影绮行,女,少女,4星,风,荒性,单手剑,枫丹,布法蒂公馆,「多功能魔术助理机关」,兽人,白尾猫座,午后闲茶,"['嘲讽', '快速移动', '生命损耗', '自身治疗', '自身附魔', '聚怪', '自身伤害提升', '水下探索便利', '加攻', '元素转化']",寡言少语，罕有表情的魔术助手，性情像猫一样难以猜测。,2月2日,可可味,https://patchwiki.biligame.com/images/ys/7/70/iv7dviodlgfi8upe9spcic3227ru3yi.png
character44,绮良良,"['「狛荷屋」金牌级快递员', '猫又', '绮猫猫', '草猫猫', '虹夏（日配声优梗）']",檐宇猫游,女,少女,4星,草,,单手剑,稻妻,狛荷屋,「狛荷屋」金牌级快递员,妖怪（猫又）,箱筥座,朝气盒饭,"['护盾', '自身伤害提升', '伤害提升', '协同攻击', '生物亲和', '快速移动']",稻妻快递公司「狛荷屋」的送货员，一只热爱自己工作、向往人类社会的「猫又」。,1月22日,孙艳琦,https://patchwiki.biligame.com/images/ys/f/fa/lcr0e95moixu4jupxbiucpkxwi6f3im.png
character45,白术,"['白先生', '白大夫', '蛇架子&白绳子']",遵生合和,男,成男,5星,草,,法器,璃月,不卜庐,「不卜庐」主人,人类,悬壶座,清热降火汤,"['精通加成', '治疗', '护盾', '协同攻击', '伤害提升', '采集']",药庐「不卜庐」的主人，随身悬着名为「长生」的白蛇。精于药石，深于城府。,4月25日,秦且歌&王晓彤,https://patchwiki.biligame.com/images/ys/9/99/gza8ba1amp86df3wel5johh8rxanzoq.png
character46,卡维,"['妙论派之光', '学长', '有情有义的蕈兽', '断罪之皇子', '拆迁老哥']",天穹之镜,男,成男,4星,草,,双手剑,须弥,独立设计工作室,须弥著名建筑设计师,人类,天堂鸟座,悉心一作,"['摆设返还', '特化反应', '自身治疗', '自身抗打断', '自身抗性提高', '自身元素精通提高', '自身攻速提升', '特殊元素附魔']",须弥著名建筑设计师，对太多事物抱有过度关怀心。美学主义者，为现实所困扰。,7月9日,刘三木,https://patchwiki.biligame.com/images/ys/b/b5/5rp3xyjhz8c6vnc1czhu5bie7d65jh1.png
character47,米卡,"['前进测绘员', '游击小队成员', '凤头鹦鹉', '诸武精通', '卡米！']",晴霜的标绘,男,少年,4星,冰,,长柄武器,蒙德,西风骑士团,西风骑士团前进测绘员,人类,林鸽座,测绘员蛋堡,"['伤害提升', '攻速提升', '治疗', '能量恢复', '特产探索', '暴击伤害提升']",平凡家庭出身的年轻骑士，在小队中担任「前进测绘员」一职。为人低调，谨小慎微。,8月11日,邓宥希,https://patchwiki.biligame.com/images/ys/1/1e/5qdz8mws5ggcdfqrwd0pf06grbqpcgp.png
character48,迪希雅,"['炽鬃之狮', '迪娜泽黛的保镖', '「希望之壁」捐赠者', '自由的沙漠佣兵', '拳师', '炎拳', '大猫猫']",炽鬃之狮,女,成女,5星,火,,双手剑,须弥,镀金旅团,自由的沙漠佣兵,人类,蝎尾鬃狮座,炽金之锅,"['协同攻击', '抗打断', '自身治疗', '移速提升', '移速提升（天赋）', '能量恢复', '自身倍率附加', '独立减伤', '伤害分摊', '自身暴击率提升', '自身暴击伤害提升']",横行须弥沙漠地佣兵组织「镀金旅团」的成员，勇敢而又强大的战士，在「镀金旅团」内部声名赫赫。,4月7日,陈雨,https://patchwiki.biligame.com/images/ys/f/f1/sijapawx2rodvc76wyb3cjp18d5571v.png
character49,艾尔海森,"['大书记官', '海哥', '文弱的学术分子', '藏镜仕男（二代目）', '草刻晴', '海参']",诲韬诤言,男,成男,5星,草,,单手剑,须弥,须弥教令院,须弥教令院书记官,人类,天隼座,「理想情况」,"['自身伤害提升', '炼金返还', '冷却减少', '位移', '特殊元素附魔', '自身暴击率提升', '自身暴击伤害提升', '自身元素精通提高', '精通加成']",须弥教令院现任书记官，有过人的智慧与才能。生活得自由自在，一般人基本找不到他。,2月11日,杨超然,https://patchwiki.biligame.com/images/ys/a/ad/b0f0p1uvu21o9iuxz8flecrdw59158d.png
character50,瑶瑶,"['歌尘浪市真君弟子', '香菱的师妹', '「小大人」', '豆豆', '小团雀', '瑶瑶无期']",仙蕊玲珑,女,幼女,4星,草,,长柄武器,璃月,歌尘浪市真君洞天,歌尘浪市真君弟子,人类,木樨座,轻策家常菜,"['治疗', '伤害提升', '生物亲和', '体力回复', '能量恢复', '自身抗性提高', '自身元素精通提高']",歌尘浪市真君膝下最年幼的弟子，温柔体贴的「小大人」。,3月6日,刘颐诺,https://patchwiki.biligame.com/images/ys/6/6f/f938z4tr7yefj4gdkao294j4yvwvdhy.png
character51,流浪者,"['散兵', '斯卡拉姆齐', '国崩', '倾奇者', '浮浪人', '黑主', '崩崩小圆帽', '七叶寂照秘密主', '正机之神', '崩坏三', '七彩阳光秘密主', '阿帽（纳西妲取名）']",久世浮倾,男,少年,5星,风,,法器,须弥,无愚人众,千般劫渡，不可得知愚人众十一执行官 第六席,人偶,浪客座,真味茶泡饭,"['突破返还', '快速移动', '能量恢复', '自身伤害提升', '自身倍率提升', '自身攻速提升', '自身暴击率提升']",身份成谜的流浪人士。衣着打扮像是修验者，言行却并不是修验者应有的模样。,1月3日,鹿喑,https://patchwiki.biligame.com/images/ys/0/0b/ntnfsuoph71gmv89uf5e7o1ik132h41.png
character52,珐露珊,"['知论派名宿', '前辈', '百岁珊', '童姥', '初音未来', '珐老王']",机逐封秘,女,少女,4星,风,,弓,须弥,室罗婆耽学院,知论派名宿,人类,蔓藤花饰座,古法秘制椰炭饼,"['伤害提升', '聚怪', '能量恢复', '派遣', '减抗', '倍率附加', '技能延长', '协同攻击', '暴击伤害提升']",来自「一百年前」的学者，喜欢以前辈自居，对各类古老文字与古典机关都颇有研究。,8月20日,阎萌萌,https://patchwiki.biligame.com/images/ys/0/0a/m2li2d2xxvl5jde8ca89g6pxkua5dht.png
character53,莱依拉,"['梨多梵谛学院/明论派学生', '莫娜的同行', '黑塔（声优梗）', '冰神', '莱二拉（另一人格）', '当代大学生缩影']",绮思晚星,女,少女,4星,冰,,单手剑,须弥,梨多梵谛学院,「不眠不醒不可思议」,人类,夜莺座,安眠奢想,"['护盾', '自身伤害提升', '能量恢复', '炼金返还', '倍率附加', '自身倍率附加']",专攻理论星相学的梨多梵谛学院学生。时常梦游，长期缺觉，饱受睡眠问题困扰。,12月19日,侯小菲,https://patchwiki.biligame.com/images/ys/f/f9/7r9c825ys1qgr9jzzdnfeyvori1lsvq.png
character54,纳西妲,"['纳西妲', '小吉祥草王', '摩诃善法大吉祥智慧主', '草神', '智慧之神', '最初的「虚空」终端', '草木之主', '羽毛球', '小手不干净真君']",白草净华,女,幼女,5星,草,,法器,须弥,须弥城,「小吉祥草王」,草木化身（世界树最纯净的一枝）,智慧主座,哈瓦玛玛兹,"['精通加成', '自身伤害提升', '减防', '特化反应', '技能延长', '自身暴击率提升', '地区交互', '采集']",深居净善宫的笼中之鸟，只能在梦中将世界尽收眼底。,10月27日,花玲,https://patchwiki.biligame.com/images/ys/3/30/6mlpdxkvtkncah5h2xe26bsmyhfqpfp.png
character55,妮露,"['妮露', '祖拜尔剧场之星', '舞娘', '「花神之舞」表演者', '尼禄', '红牛']",莲光落舞筵,女,少女,5星,水,,单手剑,须弥,祖拜尔剧场,「祖拜尔剧场之星」,人类,睡莲座,婆娑一舞,"['伤害提升', '精通加成', '减抗', '技能延长', '特化反应', '烹饪', '能量恢复', '自身暴击率提升', '自身暴击伤害提升', '配队增益']",祖拜尔剧场的知名舞者，舞姿灵动优美，为人纯真亲善。,12月3日,紫苏九月,https://patchwiki.biligame.com/images/ys/9/91/15xlbtahvg7483lkxq0zaac0oxoz31s.png
character56,赛诺,"['大风纪官', '大风机关', '胡狼头大人', '夹击妹抖', '牌佬', '游戏王', '冷笑话爱好者', '擅长沙地探索的冒险家赛诺', '沙漠死神', '大耳朵帽子（流浪者称呼）', '须弥冰神']",缄秘的裁遣,男,少年,5星,雷,,长柄武器,须弥,缄默之殿,大风纪官,人类,金狼座,决斗之魂,"['自身伤害提升', '感电免疫', '自身抗打断', '派遣', '能量回复', '武器幻化', '自身元素精通提高', '元素充能效率提升']",教令院内负责监管学者们的「大风纪官」。工作时比刹诃伐罗学院制作的「大风机关」更有效率。,6月23日,李轻扬,https://patchwiki.biligame.com/images/ys/f/f1/aq4p5bv949720pnhh5pevmi2fd8kw1f.png
character57,坎蒂丝,"['阿如村守护者', '赤王后裔', '水北斗']",浮金的誓愿,女,成女,4星,水,,长柄武器,须弥,阿如村,阿如村守护者,人类,箭盾座,关怀备至,"['弹反', '元素附魔', '伤害提升', '协同攻击', '攀爬消耗减少', '护盾']",有着琥珀色左眼的赤王后裔，阿如村的守护者。,5月3日,张琦,https://patchwiki.biligame.com/images/ys/6/6a/rd4geg2xan3uvp00k40x0srr81hq9p5.png
character58,多莉,"['须弥百货商人', '桑歌玛哈巴依老爷', '艾尔卡萨扎莱宫之主', '奸商']",梦园藏金,女,幼女,4星,雷,,双手剑,须弥,艾尔卡萨扎莱宫,须弥百货商人,人类,神灯座,摩拉急速来,"['治疗', '能量回复', '炼金返还', '自身附魔', '元素附着', '元素充能效率提升', '冷却减少', '能量恢复', '受治疗加成提升']",神出鬼没的旅行百货商人，最喜欢亮闪闪的摩拉。,12月21日,王晓彤,https://patchwiki.biligame.com/images/ys/9/96/dp77h3xex22vu8c8hfrmm1f26ngr0a8.png
character59,旅行者/草,[],,男/女,,5星,草,,单手剑,,,,,,,"['能量恢复', '技能延长', '精通加成', '伤害提升', '属性变换']",,,,
character60,提纳里,"['小提', '巡林官大人', '师父（柯莱）', '提纳里先生', '大巡林官角色故事2', '沙漠的大狗角色故事5', '耳朵很好摸', '草系的大耳朵', '踢哪里', '冷笑话受害者']",浅蔚轻行,男,少年,5星,草,,弓,须弥,化城郭,道成林巡林官,兽人（巴螺迦修那的后裔）,郭狐座,巡林官精选,"['自身伤害提升', '特产探索', '精通加成', '嘲讽', '自身暴击率提升']",精通植物学的少年学者，现于道成林任巡林官一职。直率热忱，擅长教导脑瓜糊涂的人。,12月29日,莫然,https://patchwiki.biligame.com/images/ys/2/2b/hcwuh3cbgc5dyfcx4qlqp95qlzbp619.png
character61,柯莱,"['道成林见习巡林员', '提纳里的学徒', '安柏的挚友', '复活的薮猫', '兰那罗奶奶', '绿毛的爷', '草甘雨', '柯莱莱']",萃念初蘖,女,少女,4星,草,,弓,须弥,化城郭,道成林见习巡林员,人类,薮猫座,憧憬,"['技能延长', '滑翔消耗减少', '精通加成']",活跃于道成林的见习巡林员，热情的言行背后是一颗依旧稍显内向的心。,5月8日,秦文静,https://patchwiki.biligame.com/images/ys/6/6c/4seebknt6b2qtq12l8ye7wftv5cok03.png
character62,鹿野院平藏,"['小鹿', '天领奉行侦探', '鹿野奈奈的表弟', '风拳前锋军', '拳师', '名侦探柯南', '捕快展昭', 'E拳超人', '鹿人', '哲平再世（日配声优梗）']",心朝乂安,男,少年,4星,风,,法器,稻妻,天领奉行,天领奉行侦探,人类,幼鹿座,唯一的真相,"['聚怪', '精通加成', '冲刺消耗减少', '能量恢复', '自身攻速提升', '自身暴击率提升', '自身暴击伤害提升']",天领奉行的天才少年侦探，直觉敏锐，心思玲珑。,7月24日,林景,https://patchwiki.biligame.com/images/ys/1/18/sj0qhfhaqx76bcxfgrbznea7n8wwa1w.png
character63,久岐忍,"['「荒泷派」二把手', '鬼之副手', '阿忍', '百业通才', '前「鸣神大社」巫女', '不是忍者的忍者', '医疗忍者', '考证专家', '荒泷派外置大脑', 'EA黑名单', '种门圣女', '没角的鬼']",烦恼刈除,女,少女,4星,雷,,单手剑,稻妻,荒泷派,「荒泷派」二把手,人类,烦恼刈座,蛋包饭圆舞曲,"['治疗', '派遣', '技能延长', '自身伤害提升', '生命损耗']",干练可靠的「荒泷派」的副手——特别注明：干练可靠形容的不是「荒泷派」而是副手。,7月27日,杨凝,https://patchwiki.biligame.com/images/ys/2/29/9ygtjqdfi73fry6y9lt9x3708or5v7w.png
character64,夜兰,"['自称就职于总务司的神秘人士', '岩上茶室老板', '情报工作者', '庄家', '夜天后', '兰色妖姬', '\\腋/兰', '夜上海', '胸怀大痣']",兰生幽谷,女,成女,5星,水,,弓,璃月,岩上茶室,自称就职于总务司的神秘人士,人类,幽客座,沾露虾仁,"['派遣', '伤害提升', '协同攻击', '快速移动', '生命值提升']",自称供职于总务司的神秘人士，却又是总务司名录里的「不存在之人」。,4月20日,徐慧,https://patchwiki.biligame.com/images/ys/e/e1/n4zqro7l3mez5ut84ihjfnok8epci7x.png
character65,神里绫人,"['「社奉行」奉行大人', '神里家家主', '「终末番」的统领', '神里绫华的兄长', '荒泷一斗的虫友', '奶茶哥哥', '大舅哥', '奥托·阿波卡利斯', '奥托主教', '藏镜仕男', '袖藏奶茶真君', '真正的甘雨', '渚薰', '可莉的爷爷', '0人']",磐祭叶守,男,成男,5星,水,,单手剑,稻妻,社奉行,社奉行神里家家主,人类,神守柏座,「静寂闲雅」,"['自身伤害提升', '烹饪', '攻速提升', '能量恢复', '武器幻化']",社奉行神里家年轻有为的现任家主，为人温雅有礼，处事颇有手段。,3月26日,赵路,https://patchwiki.biligame.com/images/ys/d/df/lyoozc49yez3ayimtoimqy6t5vczdl9.png
character66,八重神子,"['「鸣神大社」宫司', '大巫女', '「八重堂」总编', '白辰血脉的后裔', '「永恒」的眷属与友人', '「兼具智慧和美貌的八重神子大人」', '「玲珑油豆腐」（笔名）', '稻妻老八', '雷丘丘萨满', '屑狐狸', '八重樱', '嗑瓜子.jpg', '小奥兹', '玲珑油豆腐小姐', '粉毛阿姨']",浮世笑百姿,女,成女,5星,雷,,法器,稻妻,鸣神大社,鸣神大社宫司,妖怪（仙狐）,仙狐座,福内乌冬,"['伤害提升', '炼金返还', '能量恢复', '无视防御']",鸣神大社的宫司大人，兼任「八重堂」总编。艳丽动人的外表下藏着令人意想不到的聪慧与狡黠。,6月27日,杜冥鸦,https://patchwiki.biligame.com/images/ys/8/85/gjqvylplehterr9n2qjykh2bhlcikfm.png
character67,申鹤,"['仙家弟子', '驱邪世家旁系', '小姨', '中野三玖', '呆毛王(日配声优梗)', '药材杀手', '审核（谐音梗扣钱）']",孤辰茕怀,女,成女,5星,冰,,长柄武器,璃月,留云借风真君洞天,尘外身，人间客,人类,愁疏座,连心面,"['减抗', '伤害提升', '派遣', '技能延长', '自身伤害提升', '倍率附加', '暴击伤害提升']",气质出尘的仙家子弟。隐修在璃月群山之间，个性也如仙人般淡漠疏离。,3月10日,秦紫翼,https://patchwiki.biligame.com/images/ys/a/ae/p7f6pidw64a7g4on68hkuf6d01ghp0q.png
character68,云堇,"['「云翰社」当家名角', '云先生', '岩北斗', '五更琉璃', '行走的三彩团子']",红毹婵娟,女,少女,4星,岩,,长柄武器,璃月,云翰社,云翰社现任当家,人类,虹章座,云遮玉,"['攻速提升', '伤害提升', '烹饪', '弹反', '冷却减少', '倍率附加', '自保护盾']",集剧作与演唱能力于一身的璃月戏曲名角。风格自成一派，雅致柔美，恰如其人。,5月21日,贺文潇&杨扬所有语言的戏剧部分一律使用汉语，由专业青年京剧演员杨扬配音，下面不再列出,https://patchwiki.biligame.com/images/ys/8/8f/5eedbfa8wch0gl7cpo12jjopqiy2jre.png
character69,荒泷一斗,"['荒泷天下第一斗', '「荒泷天下独尊一斗」', '「荒泷相扑鬼王一斗」', '「荒泷鬼族骄傲一斗」', '「荒泷鬼兜虫角斗士一斗」', '「荒泷卡牌游戏王中王一斗」', '「荒泷可以输但绝不认输名副其实男子汉一斗」', '「荒泷美食大师一斗」', '「荒泷派初代目头领」', '「荒泷胆量比天还大一斗」', '「荒泷天下百鬼之王一斗」', '「荒泷寿比影向山一斗」均为自称蠢货赤鬼九条裟罗昵称', '荒泷本大爷最强一斗', '荒泷本大爷第一斗！', '荒泷天下独尊一斗！', '荒泷相扑鬼王一斗！', '荒泷完眼归我一斗', '荒泷战意焕发一斗', '荒泷堂堂男子汉一斗', '荒泷暴走无敌一斗', '荒泷胜者全拿一斗', '荒泷历战无敌一斗', '荒泷永不蹲牢一斗', '均为告示牌留名精神小伙', '哈哈哈哈哈哈哈哈', '男仆', '岩丘丘萨满', '伐伐伐伐伐木工', '希娜小姐（五郎）的榜一大哥', '放牛的']",花坂豪快,男,成男,5星,岩,,双手剑,稻妻,荒泷派,「荒泷派」初代目头领,妖怪（鬼族）,天牛座,强者之道,"['嘲讽', '加攻', '加防', '岩造物', '伐木产出', '能量恢复', '抗性降低', '自身伤害提升', '自身攻速提升', '冷却减少', '自身倍率附加', '武器幻化', '自身暴击伤害提升']",活跃在稻妻城花见坂的「荒泷派」初代目头领。什么，从没听说过荒泷派？你是想找茬吗？,6月1日,刘照坤,https://patchwiki.biligame.com/images/ys/a/a0/h0pel900kaa6369psjiy1lrdndlz3f1.png
character70,五郎,"['海祇岛的小狗大将', '希娜小姐', '五郎大将的朋友', '修勾', '小狗勾', '德川纲吉', '欧斯超人（日配声优梗）', '狗肉（英文名字谐音）']",戎犬锵锵,男,少年,4星,岩,,弓,稻妻,海祇岛,海祇军大将,兽人,柴犬座,常胜传说,"['治疗', '加防', '抗打断', '特产探索', '技能延长', '冷却减少', '自身伤害提升', '自身倍率附加', '暴击伤害提升']",海祇岛军的大将，深受部下信赖。,5月18日,杨昕燃,https://patchwiki.biligame.com/images/ys/b/ba/d8t0djc3babb7a8vrpb9y97akutdmpj.png
character71,托马,['家政官，地头蛇，好兄弟，男妈妈'],渡来介者,男,成男,4星,火,,长柄武器,稻妻,社奉行,神里家家政官,人类,赤楯座,「暖意」,"['护盾', '伤害提升', '钓鱼', '技能延长', '冷却减少', '协同攻击', '能量恢复']",神里家的家政官，活跃在稻妻的「地头蛇」。,1月9日,张沛,https://patchwiki.biligame.com/images/ys/f/fb/e7n8m1c02wfg5ywrxo8jnjt2u28e4mu.png
character72,珊瑚宫心海,"['现人神巫女', '宅家派节能军师', '「深海舌鲆鱼」（小姐）（笔名）', '藤原千花', '长生仙', '能量管理大师', '五星观赏鱼', '海天后', '移动的七天神像', '什么宫的什么海', '海爷', '扣扣米']",真珠之智,女,少女,5星,水,,法器,稻妻,海祇岛,宅家派节能军师,人类,眠龙座,「奇策」,"['治疗', '游泳消耗减少', '自身伤害提升', '自身抗打断', '能量恢复', '元素附着']",海衹岛的「现人神巫女」，统管海祇岛各项事宜的少女。,2月22日,龟娘,https://patchwiki.biligame.com/images/ys/9/97/kdlj0cftz0y9ed3hc1jrs1h91io8h65.png
character73,埃洛伊,"['「异界的救世主」', '查无此人', '亚罗伊（繁译）']",「异界的救世主」,女,少女,5星,冰,,弓,其他,游侠,诺拉的英勇猎手,,诺拉勇者座,饱腹感凝胶,"['加攻', '自身伤害提升', '生物亲和', '减攻', '特殊元素附魔']",曾经是流放者，如今则是无比机敏的猎手。随时准备着为了正当之事而挽弓放箭。,4月4日,沐霏,https://patchwiki.biligame.com/images/ys/b/b8/spgh6ar3itjue0w0oja9tq0xgsksibq.png
character74,雷电将军,"['（雷电）将军', '巴尔', '巴尔泽布', '影', '御建鸣神主尊大御所', '雷神', '鸣神', '永恒之神', 'yyds「永远」的神', '雷军', '姐控', '煮饭婆', '不会做饭真君', '宅女程序员', '奶香一刀真君', '雷电芽衣（声优梗）', '又哭又闹真君']",一心净土,女,成女,5星,雷,,长柄武器,稻妻,稻妻城,恒常净土的主宰,魔神/人偶,天下人座,该角色无法参与料理,"['加攻', '伤害提升', '能量回复', '冷却缩减', '突破返还', '协同攻击', '武器幻化', '无视防御', '自身抗打断', '自身伤害提升', '感电免疫']",其身为御建鸣神主尊大御所大人，许稻妻人民以亘古不变之「永恒」,6月26日,菊花花,https://patchwiki.biligame.com/images/ys/f/f9/1tc98q94ddh4ly2he2f4lm4k4as0osx.png
character75,九条裟罗,"['「天领奉行」的大将', '「眼狩令」的执行者', '九条家的养子', '雷系班尼特', '雷系亲妈', '雷神单推头子', '珊瑚宫心海的冤家', '荒泷一斗的冤家', '外置暴伤头', '维密天使', '真将军厨', '九条天狗']",黑羽鸣镝,女,成女,4星,雷,,弓,稻妻,天领奉行,天领奉行大将,妖怪（天狗）,羽团扇座,永恒的信仰,"['派遣', '能量回复', '加攻', '冷却减少', '暴击伤害提升']",「天领奉行」的大将，杀伐果断，骁勇善战。,7月14日,杨梦露,https://patchwiki.biligame.com/images/ys/4/47/3xh1pw9seuxfl452rr6lnk2rc0ju0o9.png
character76,宵宫,"['夏祭的女王', '地对鸽导弹', '打火姬二代目', '长野原加特林', '花见坂军火商']",琉焰华舞,女,少女,5星,火,,弓,稻妻,长野原烟花店,「长野原烟花店」店长,人类,琉金座,夏祭游鱼,"['加攻', '自身伤害提升', '摆设返还', '特殊元素附魔', '技能延长', '冷却减少']",「长野原烟花店」店长，「夏祭的女王」，将人们的愿望寄托于烟花中的能工巧匠。,6月21日,金娜,https://patchwiki.biligame.com/images/ys/7/71/97xepcaijrwp2w0au37pnrxb4qluf8d.png
character77,早柚,"['小狸猫', '风滚早', '小貉', '咕噜咕噜赶路真君', '柚岩龙蜥', '善于潜行的矮子', '专业人士', '旱抽', '逮虾户', '泥头车']",忍里之貉,女,幼女,4星,风,,双手剑,稻妻,终末番,「终末番」特属忍者,人类,小貉座,头晕回避术·改,"['治疗', '生物亲和', '快速移动', '能量恢复', '自身倍率附加', '元素转化']",属于「终末番」的忍者。身形小巧，总像没睡饱一样。,10月19日,Sakula小舞,https://patchwiki.biligame.com/images/ys/f/fe/c4pw527lrypmhoffxgh88jvmdbwj12s.png
character78,神里绫华,"['白鹭公主', '大小姐', '神里绫人的妹妹', '雪中刀（七圣召唤游戏名）', '冰骗骗花', '凝冰渡海真君']",白鹭霜华,女,少女,5星,冰,,单手剑,稻妻,社奉行,「社奉行」神里家大小姐,人类,雪鹤座,「红炉一点雪」,"['减防', '炼金返还', '快速移动', '自身附魔', '自身伤害提升', '自身体力回复']",稻妻「社奉行」神里家的大小姐。端庄而文雅，聪慧又坚韧。,9月28日,小N,https://patchwiki.biligame.com/images/ys/1/1b/qpsc6k80c4fl9xklo0qxy1mznquwa0r.png
character79,旅行者/雷,[],,男/女,,5星,雷,,单手剑,,,,,,,"['减抗', '能量回复', '冷却减少', '元素充能效率提升']",,,,
character80,枫原万叶,"['浪人武士', '「南十字」船队的见习水手', '「雷电五传」之一「一心流」的后人', '风男', '人型气象观测台', '跳高抓蝶真君', '叶天帝']",红叶逐荒波,男,少年,5星,风,,单手剑,稻妻,南十字船队,背井离乡的浪人武士,人类,枫红座,雨奇晴好,"['伤害提升', '聚怪', '冲刺消耗减少', '精通加成', '冷却减少', '能量恢复', '自身伤害提升', '自身附魔', '下落攻击', '元素转化', '反应受益']",来自稻妻的浪人武士，如今栖身于璃月船队「南十字」中。性情温和而洒脱，心中埋藏着许多往事。,10月29日,斑马,https://patchwiki.biligame.com/images/ys/d/db/fr7q01g7bxcf22oco5qbc3qdkkjl0ow.png
character81,优菈,"['浪花骑士', '「游击小队」队长', '喷嚏记仇真君', '炮姐（声优梗）']",浪沫的旋舞,女,成女,5星,冰,,双手剑,蒙德,西风骑士团,西风骑士团「游击小队」队长,人类,浪沫座,骇浪派,"['减抗', '炼金返还', '自身伤害提升', '自身抗打断', '物理输出', '自身加防', '冷却减少']",古老家族出身的「浪花骑士」，西风骑士团游击小队队长。身为旧贵族后裔却加入了堪称死对头的西风骑士团，该事件至今仍是蒙德一大谜团。,10月25日,子音,https://patchwiki.biligame.com/images/ys/f/f8/3nzfj3fub35l79p1l58umkpxs5xbg8v.png
character82,烟绯,"['璃月港的知名律法咨询师', '璃月罗翔', '铁人三项真君', '璃月火腿之一']",智明无邪,女,少女,4星,火,,法器,璃月,烟绯律法咨询事务所,璃月港知名律法咨询师,半仙,法兽座,「自有方圆」,"['特产探索', '护盾', '自身体力消耗降低', '自身伤害提升', '自身抗打断']",活跃在璃月港的知名律法咨询师，混有仙兽血脉的精明少女。,7月28日,苏子芜,https://patchwiki.biligame.com/images/ys/2/2b/d4i72lqffsl7cgb6peojh9k2lr1ntn4.png
character83,罗莎莉亚,"['修女', '白色史莱姆', '蝙蝠女（正义女人）']",棘冠恩典,女,成女,4星,冰,,长柄武器,蒙德,西风教会,不合群的修女,人类,荆冠座,审判的晚宴,"['移速提升', '移速提升（天赋）', '减抗', '能量恢复', '技能延长', '暴击率提升']",除了打扮哪里都不像神职人员的修女。冷淡的言行中透着锐利。总是单独行动。,1月24日,张安琪,https://patchwiki.biligame.com/images/ys/c/c5/li7teekt1udt847swopxw9zjokjb0uz.png
character84,胡桃,"['堂主', '黑无常', '琪亚娜', '嘘嘘鬼王', '璃月火腿', '薪炎之律者', '提瓦特第一火A', 'Who Tao？', '钱包2号', '小小胡胡桃的爷爷']",雪霁梅香,女,少女,5星,火,,长柄武器,璃月,往生堂,璃月港小巷派暗黑诗人,人类,引蝶座,幽幽大行军,"['烹饪', '自身治疗', '自身抗打断', '自身伤害提升', '自身抗性提高', '自身体力消耗降低', '暴击率提升', '生命损耗', '特殊元素附魔']",「往生堂」七十七代堂主，年纪轻轻就已主掌璃月的葬仪事务,7月15日,陶典,https://patchwiki.biligame.com/images/ys/c/c8/0jmb8q468s1wezd5n9r3npcawz8eua3.png
character85,魈,"['降魔大圣', '护法夜叉大将', '金鹏大将', '打桩机', '这里无能真君', '快乐风男', '长得很俊，个子不太高的小伙', '抬头不见低头见真君', '随叫随到真君', '成天冷着脸的帅气小哥', '杏仁豆腐真君', '三点五尺仙人']",护法夜叉,男,少年,5星,风,,长柄武器,璃月,璃月仙人,靖妖傩舞,仙人,金翅鹏王座,「美梦」,"['位移', '攀爬消耗减少', '自身伤害提升', '下落免疫', '生命损耗', '特殊元素附魔', '自身元素充能效率提升', '下落攻击']",守护璃月的仙人，「夜叉」。美号「降魔大圣」，妙称「护法夜叉大将」。,4月17日,kinsen,https://patchwiki.biligame.com/images/ys/a/af/q4bs39azjximxqs18tymlmsgzyrar90.png
character86,甘雨,"['璃月七星的秘书', '椰羊', '王小美', '鸡腿猎人', '咕噜咕噜滚下山真君', '肝雨', '走路上山真君', '通宵熬夜真君']",循循守月,女,少女,5星,冰,,弓,璃月,月海亭,「月海亭」秘书,半仙（麒麟）,仙麟座,盛世太平,"['嘲讽', '锻造返还', '减抗', '伤害提升', '自身暴击率提升']",月海亭的秘书，体内流淌着仙兽「麒麟」的血脉。,12月2日,林簌,https://patchwiki.biligame.com/images/ys/0/0a/7bpzoigphsck8n51qlxiwcwgtq6q6oc.png
character87,阿贝多,"['白垩之子', '小王子', '调查小队队长', '西风骑士团首席炼金术师', '白垩老师', '电梯人', '蒙德岩神', '平平无奇', '蒙德NPC', '红蓝恐惧症']",白垩之子,男,少年,5星,岩,,单手剑,蒙德,西风骑士团,西风骑士团首席炼金术士,炼金造物,白垩之子座,「林之梦」,"['炼金返还', '伤害提升', '精通加成', '自身伤害提升', '岩造物', '协同攻击', '能量恢复', '自身倍率附加']",西风骑士团首席炼金术师兼调查小队队长，被称作「白垩之子」的天才。,9月13日,Mace,https://patchwiki.biligame.com/images/ys/a/a4/d2te0yt6a8rtf4agfwfdqpus16967s8.png
character88,钟离,"['钟离', '「往生堂」客卿', '岩王帝君（岩王爷）', '契约之神', '贵金之神', '七天神像的噩梦', '社会废人', '未来可期真君', '矿工头子', '废人养成器', '听书人', '往生堂预备第七十八代堂主']",尘世闲游,男,成男,5星,岩,,长柄武器,璃月,璃月港,「往生堂」客卿,魔神,岩王帝君座角色立绘2显示命之座为“？？？”；游戏内完成钟离传说任务「古闻之章」第一幕之前，命之座也为“？？？”,文火慢炖腌笃鲜,"['治疗', '控制', '护盾', '护盾强效', '锻造返还', '自身伤害提升', '自身抗打断', '岩造物', '减抗']",被「往生堂」请来的神秘客卿，知识渊博，对各种事物都颇有见地。,12月31日,彭博,https://patchwiki.biligame.com/images/ys/8/81/8393e6kjulrau058jy9qolyv30bfkiz.png
character89,辛焱,"['小陀螺', '咩咩子', '米O鼠']",燥热旋律,女,少女,4星,火,,双手剑,璃月,「红弦」,璃月摇滚先行者,人类,红檀四弦座,摇·滚·鸡！,"['护盾', '烹饪', '减抗', '伤害提升', '元素附着', '自身体力消耗降低']",璃月港唯一的摇滚歌手，以音乐和热情歌颂着对「成见」的反抗。,10月16日,王雅欣,https://patchwiki.biligame.com/images/ys/2/20/t6fp8zqo2mwjx8hotd3wa3mpj6debls.png
character90,达达利亚,"['公子', '独眼丘丘人', '至冬国驻璃月港玩具推销员主管', '达达(利)鸭', '近战弓兵', '在蒙德认识的冒险家', '永别冬都', '汤达人', '大貉妖处理专家', '至冬国最棒的玩具销售员', '武器大师', '师兄，学E不精']",「公子」达达利亚,男,成男,5星,水,,弓,至冬,愚人众,愚人众十一执行官 末席,人类,鲸天座,极致一钓,"['能量恢复', '武器幻化', '冷却减少', '战斗增益', '天赋提升']",愚人众执行官第十一位，「公子」，其战绩威名远扬。,7月20日,鱼冻/薄棠二人分别负责成年和幼年配音,https://patchwiki.biligame.com/images/ys/4/45/ieew3b5t7jm6nl86btuvwh9b5rb7uwm.png
character91,迪奥娜,"['猫猫', '猫娘', 'DIO娜', '小型地对鸽导弹(E)', '长着猫耳猫尾的小女士（温迪）']",猫尾特调,女,幼女,4星,冰,,弓,蒙德,猫尾酒馆,「猫尾酒馆」超人气调酒师,兽人（凯茨莱茵家族）,小猫座,绝对不是下酒菜,"['治疗', '护盾', '烹饪', '移速提升', '元素附着', '精通加成', '自身伤害提升', '减攻', '体力消耗降低', '能量恢复']","遗传了稀薄的「非人」血统的少女,「猫尾酒馆」的超人气调酒师。",1月18日,诺亚,https://patchwiki.biligame.com/images/ys/0/04/mr4oeodo7tnaqko564qqiz897r2f8rx.png
character92,可莉,"['火花骑士', '红色很烫的小女孩', '蒙德最强战力', '「大冒险家」艾莉丝的女儿', '阿贝多的义妹', '哒哒哒', '火化骑士', '炸鱼禁闭真君', '蒙德小坦克', '骑士团团宠', '火元素羽毛球', '爆破鬼才', '放火烧山真君']",逃跑的太阳,女,幼女,5星,火,,法器,蒙德,西风骑士团,火花骑士,长生种（未知）,四叶草座,鱼香吐司,"['特产探索', '减防', '能量回复', '伤害提升', '自身体力消耗降低']",西风骑士团禁闭室的常客，蒙德的爆破大师。人称「逃跑的太阳」。,7月27日,花玲,https://patchwiki.biligame.com/images/ys/5/54/bnk8fvrgjvfz1o44m8f7bob3ita0xp3.png
character93,温迪,"['温迪', '高天的歌者', '卖唱的', '巴巴托斯大人', '荻花洲的吹笛人', '欸嘿', '直升机', '最弱的七神主线序章第三幕第一小节中温迪自述。､酒鬼', '巴斯巴托', '巴托巴斯']",高天的歌者,男,少年,5星,风,,弓,蒙德,蒙德城,风色诗人,魔神（元素精灵）,歌仙座,真·风神杂烩菜,"['聚怪', '滑翔消耗减少', '控制', '能量回复', '减抗', '自身伤害提升', '能量恢复', '元素转化']",蒙德城诸多吟游诗人中的一位，自由自在地穿行在街头巷尾。,6月16日,喵酱,https://patchwiki.biligame.com/images/ys/e/e7/8b0k0v04mmzivr5iibcdyiswrb2v5z1.png
character94,迪卢克,"['暗夜英雄', '正义人', '卢老爷', '夜枭', '正E人', '卢锅巴', '卢卢伯爵', '哦哦哦', '前夫哥', '落魄了家人们', '在此烧鸟真君', 'E键三连真君', '火把丘丘人']",晨曦的暗面,男,成男,5星,火,,双手剑,蒙德,晨曦酒庄,晨曦酒庄的贵公子,人类,夜枭座,「蒙德往事」,"['锻造返还', '自身附魔', '自身攻速提升', '自身伤害提升', '自身体力消耗降低']",坐拥蒙德大半酒业的贵公子，财力、人望、能力都令人无法小觑。,4月30日,马洋,https://patchwiki.biligame.com/images/ys/c/cb/oxvsh22iqva7b6t4f69oo13vr5rj2oj.png
character95,七七,['起死回骸童子，救苦度厄真君，椰羊创始人，77，肚饿真君(玩笑梗)，移动的七天神像，不卜庐剑圣'],冻冻回魂夜,女,幼女,5星,冰,,单手剑,璃月,不卜庐,不卜庐采药人,僵尸,三清铃座,没有未来菜,"['治疗', '复活', '特产探索', '减攻', '自身伤害提升', '能量恢复']",药庐“不卜庐”的采药姑娘兼学徒，面色苍白如纸的不死之人。话很少，也没有什么表情。曾因“仙缘”而拥有了被凡间称作僵尸的不死之身，外表永远停留在了逝去那年，年龄不可考。,3月3日,宴宁,https://patchwiki.biligame.com/images/ys/a/a7/ebfzfyxg4wzpfpzm8bc33fkgsgwwid4.png
character96,琴,"['芭芭拉的姐姐', '代理团长', '蒲公英骑士', '狮牙骑士', '蒙德砍王', '六边形战士', '骑士团之魂', '吸尘器']",蒲公英骑士,女,成女,5星,风,,单手剑,蒙德,西风骑士团,西风骑士团代理团长,人类,幼狮座,提神醒脑披萨,"['聚怪', '治疗', '烹饪', '控制', '伤害减免', '减抗', '攻速提升', '移速提升', '元素附着', '能量恢复']",正直严谨的蒲公英骑士，蒙德西风骑士团的代理团长。,3月14日,林簌,https://patchwiki.biligame.com/images/ys/b/b0/dfc739glycpbg2vyp98zxui8ehzslhy.png
character97,旅行者/风,[],,男/女,,5星,风,,单手剑,,,,,,,"['控制', '减抗', '自身治疗', '聚怪', '元素转化', '自身元素充能效率提升']",,,,
character98,莫娜,"['神秘占星术士', '梅姬', '半部讨龙真君', '开服/普池酱香真君', '梅姬斯图斯卿']",星天水镜,女,少女,5星,水,,法器,蒙德,蒙德,神秘占星术士,人类,映天座,至高的智慧（生活）,"['控制', '嘲讽', '炼金返还', '伤害提升', '快速移动', '自身伤害提升', '暴击率提升']",神秘的少女占星术士，声称自己是「伟大的占星术士莫娜」，拥有与名号相符的不俗实力，博学而高傲。,8月31日,陈婷婷,https://patchwiki.biligame.com/images/ys/9/9d/r92x5kttsnrvkc0l08yefu5zhabj4fn.png
character99,旅行者/岩,[],,男/女,,5星,岩,,单手剑,,,,,,,"['岩造物', '能量恢复', '技能延长', '冷却减少', '属性变换', '抗打断', '暴击率提升']",,,,
character100,刻晴,"['得不到的女人', '氪晴', '屁斜剑法', '刻师傅', '玉衡星', '阿晴', '金丝虾球真君', '璃月雷神', '刻猫猫', '牛杂师傅', '牛角包']",霆霓快雨,女,少女,5星,雷,,单手剑,璃月,璃月七星,璃月七星-玉衡星,人类,金紫定垂座,绝境求生烤鱼,"['位移', '能量回复', '派遣', '自身附魔', '自身伤害提升', '自身暴击率提升']",璃月七星之一，玉衡星。对「帝君一言而决的璃月」颇有微词——但实际上，神挺欣赏她这样的人。,11月20日,谢莹,https://patchwiki.biligame.com/images/ys/0/05/8c9hbw8vgn7omiecnpu911rw8d4afe0.png
character101,旅行者,[],,男/女,,5星,无,,单手剑,,,,,,,['无'],,,,
character102,香菱,"['「万民堂」大厨', '「厨王争霸赛」冠军', '厨神姐姐「花角玉将」哪吒', '锅巴发射器', '无敌风火轮真君', '舌尖上的璃月', '提瓦特枪王', '璃月火腿之一', '三幻神之一']",万民百味,女,少女,4星,火,,长柄武器,璃月,万民堂,万民堂大厨,人类,长杓座,万民堂水煮鱼,"['加攻', '烹饪', '减抗', '伤害提升', '技能延长']",来自璃月，名声在外的少女厨师，对料理之道极具热情，拿手麻辣菜肴堪称一绝。,11月2日,小N同时也为「锅巴」配音,https://patchwiki.biligame.com/images/ys/0/00/226gsdds7m5fg4tq9rha4c5hdpdc0ud.png
character103,行秋,"['秋妹妹', '书呆子', '乐子人（迫害重云）', '秋秋人', '火C人形专武', '二小姐', '枕玉老师', '6星水神', '三幻神之一', '虹雨', '文笔加密真君']",少年春衫薄,男,少年,4星,水,,单手剑,璃月,飞云商会,古华飞云,人类,锦织座,江湖百味,"['治疗', '炼金返还', '减抗', '抗打断', '自身伤害提升', '伤害减免', '协同攻击', '技能延长', '能量恢复', '自身倍率加成']",经常能在书摊看到的少年人。手执长剑，胸中常怀侠义之心。,10月9日,唐雅菁,https://patchwiki.biligame.com/images/ys/4/48/kbpj3ldtjpmckt8lyppspsuvg1vu3yc.png
character104,雷泽,"['平民战神', '炸矿之星', '狼崽(子)', '蒙德砍王', '小狼狼（丽莎）', '须佐狼乎', '替身使者', '小赛诺', '剃须刀(外网梗【razor】)']",狼少年,男,少年,4星,雷,,双手剑,蒙德,奔狼岭,奔狼领的传说,人类,小狼座,爪爪土豆饼,"['冲刺消耗减少', '减防', '自身伤害提升', '自身抗性提高', '自身抗打断', '感电免疫', '自身攻速提升', '冷却减少', '能量恢复', '自身暴击率提升', '自身元素附着', '自身元素充能效率提升']",住在蒙德地区奔狼领，远离城市与人群，和狼一同生活的少年。直觉锐利，身姿迅捷。,9月9日,周帅,https://patchwiki.biligame.com/images/ys/c/cc/1kc3as9oj8rxzdzrct2fy0ak0h2v38y.png
character105,安柏,"['侦察骑士', '快乐小火把（七圣召唤游戏名）', '燃炬焚棘真君', '打火姬', '初代目提瓦特第一火弓']",飞行冠军,女,少女,4星,火,,弓,蒙德,西风骑士团,西风骑士团侦察骑士,人类,小兔座,侦察骑士烤肉！,"['滑翔消耗减少', '加攻', '移速提升', '伤害提升', '自身伤害提升', '嘲讽']",永远充满活力的女孩，骑士团最优秀，同时也是最后的侦察骑士,8月10日,蔡书瑾,https://patchwiki.biligame.com/images/ys/6/63/qoyadhio1imipyhzglkvftydsvnjszy.png
character106,凝光,"['富婆', '天权星', '寻山见矿真君']",掩月天权,女,成女,4星,岩,,法器,璃月,璃月七星,群玉阁之主,人类,玑衡仪座,乾坤摩拉肉,"['矿物探查', '抗性提升', '伤害提升', '岩造物']",「璃月七星」中的「天权」，其名下财富之多，全大陆鲜有人能望其项背。,8月26日,杜冥鸦,https://patchwiki.biligame.com/images/ys/c/c9/m9pvanyhz3w1t0xi5nndp669o7k4pgz.png
character107,菲谢尔,"['皇女', '奥兹发射器', '（小）艾咪', '六花', '谢堡王']",断罪皇女！！,女,少女,4星,雷,,弓,蒙德,冒险家协会,幽夜净土之主宰,人类,幻鸦座,祝圣交响乐,"['派遣', '自身治疗', '技能延长', '协同攻击']",自称「断罪之皇女」，与名为奥兹的漆黑夜鸦同行的神秘少女,5月27日,Mace&赵悦程,https://patchwiki.biligame.com/images/ys/b/b4/ppczedqihpaf67jup4c2buhpm5o9nux.png
character108,丽莎,['图书管理员，win~win~win，丽莎阿姨（可莉专属），蒙德雷神'],蔷薇魔女,女,成女,4星,雷,,法器,蒙德,西风骑士团,西风骑士团图书管理员,人类,沙漏座,魔法肉酱面,"['减防', '炼金返还', '自身抗打断', '能量恢复']",慵懒而博学的图书管理员，须弥教令院「两百年一见」的天才毕业生。,6月9日,钟可,https://patchwiki.biligame.com/images/ys/8/85/qdsfc1kic18pxlz7qmobf0xb96wckww.png
character109,砂糖,['雷萤术士'],无害甜度,女,少女,4星,风,,法器,蒙德,西风骑士团,西风骑士团炼金术士,兽人,烧瓶座,伍玖叁式营养餐,"['聚怪', '控制', '炼金返还', '伤害提升', '精通加成', '技能延长', '冷却减少', '元素转化']",对万物充满好奇的炼金术士，「生物炼金」学派的研究者。,11月26日,小敢,https://patchwiki.biligame.com/images/ys/a/a0/f195zevfxtn7bv026lm1tge0mtg445l.png
character110,诺艾尔,"['女仆', '诺宝', '山吹', '高达', '岩王帝姬', '岩龙王']",未授勋之花,女,少女,4星,岩,,双手剑,蒙德,西风骑士团,骑士团女仆,人类,心护座,厚云朵松饼,"['护盾', '治疗', '烹饪', '技能延长', '自身伤害提升', '自身体力消耗降低', '特殊元素附魔']",「西风骑士团」的可靠女仆，梦想有天能成为正式的骑士。,3月21日,宴宁,https://patchwiki.biligame.com/images/ys/c/cd/d24zp3hv7t0frts7m98azd2r5sjfrwn.png
character111,凯亚,"['凯子哥', '骑兵小队队长', '踏(凝)冰渡海真君', '矿工头子', '花脸猫']",寒风剑士,男,成男,4星,冰,,单手剑,蒙德,西风骑士团,西风骑士团骑兵队长,人类,孔雀羽座,果香串烤,"['冲刺消耗减少', '自身治疗', '护盾', '能量回复', '技能延长', '自身伤害提升', '能量恢复']",异国面容的剑斗士，西风骑士团的头脑派人物。,11月30日,孙晔,https://patchwiki.biligame.com/images/ys/5/5f/1ovtt1l5lhop1t12zso2ll8exm9hjhi.png
character112,班尼特,"['「受祝福的人」', '点赞哥', '倒霉蛋', '霹雳闪雷真君', '六星火神', '三幻神之首', '班爷']",命运试金石,男,少年,4星,火,,单手剑,蒙德,冒险家协会,班尼冒险团团长,人类,险路座,提瓦特焦蛋,"['治疗', '元素附着', '派遣', '加攻', '元素附魔', '伤害提升', '冷却减少']",蒙德的冒险家少年，拥有与他的善良毫不相称的霉运。,2月29日,穆雪婷/葛子瑞二人分别负责少年和婴儿配音,https://patchwiki.biligame.com/images/ys/2/2e/tf34rxtd4qrb2m9d155gslcc2l7y1dv.png
character113,芭芭拉,"['琴团长的妹妹', '偶像', '内鬼', '加湿器', '蒙德辣王']",闪耀偶像,女,少女,4星,水,,法器,蒙德,西风教会,西风骑士团祈礼牧师,人类,金杯座,辣味时蔬烩肉,"['治疗', '复活', '烹饪', '元素附着', '伤害提升', '体力消耗降低', '技能延长', '冷却减少']",蒙德城的大家都喜欢芭芭拉。「偶像」这个词是她从一本杂志里看到的。,7月5日,宋媛媛,https://patchwiki.biligame.com/images/ys/b/bb/6df02t037knchcm86lxhqp588fp5tju.png
character114,北斗,"['大姐头', '爷们儿', '龙王', '海贼王', '稻妻人形继电石']",无冕的龙王,女,成女,4星,雷,,双手剑,璃月,南十字船队,南十字之主,人类,南天海山座,炝炒肉片,"['护盾', '游泳消耗减少', '弹反', '减抗', '抗打断', '自身伤害提升', '伤害减免', '协同攻击', '自身攻速提升']",武装船队「南十字」的首领，豪快的大姐头。,2月14日,唐雅菁,https://patchwiki.biligame.com/images/ys/7/7e/m61gfspfisdeyv46e82t639tpijtw4f.png
character115,重云,"['「驱邪世家」方士', '大外甥', '冰元素附魔器']",雪融有踪,男,少年,4星,冰,,双手剑,璃月,天衡方士,妖邪异闻诛者,人类,乾坤锋座,山珍凉卤面,"['元素附魔', '冷却缩减', '派遣', '减抗', '攻速提升', '自身伤害提升']",驱邪世家的年轻方士，为压制自身的「纯阳之体」费尽心机。,9月7日,kinsen,https://patchwiki.biligame.com/images/ys/5/55/t89h3psqczqephx6xwqall98oz8wjxf.png
